"Street.Address","Postal.City","lotSqFt","list.Price.Num","projectedHouseSizeSqFt","breakEvenBuildCost","profitPercentOfInvestment"
"485 Summit Springs Road","Woodside"," 55757"," 2399000"," 6189.917","849.0682","0.9396178507"
"17320 Stevens Canyon Road","Cupertino"," 88426","  519000"," 4800.000","728.8750","1.3371727749"
"340 Jane Drive","Woodside","136778"," 5750000"," 8562.500","565.1011","0.3419314525"
"1350 Elder Avenue","Menlo Park"," 10500"," 2995000"," 4723.789","565.0317","0.3563606865"
"27022 Dezahara Way","Los Altos Hills"," 55321"," 2988000"," 5697.000","497.5644","0.3196497622"
"1162 Cordelia Avenue","San Jose","  9000"," 1299000"," 3089.400","493.0211","0.3624638421"
"1127 High Street","Palo Alto","  8000"," 4000000"," 4403.700","485.5786","0.2033782703"
"511 Corbitt Drive","Burlingame","  6250","  949000"," 2450.800","477.9664","0.3577511686"
"222 Camino Al Lago","Atherton"," 49658","11900000","12024.000","455.9773","0.1661526130"
"1017 Miller Avenue","San Jose","  6300"," 1100000"," 2391.916","453.6087","0.2868203149"
"156 Monroe Drive","Palo Alto","  9000"," 1998000"," 2391.500","446.7583","0.1812673883"
"1266 Altschul Avenue","Menlo Park","  8208"," 2195000"," 3324.400","437.1721","0.2056227419"
"1258 S Stelling Road","Cupertino","  9200"," 1499888"," 3089.400","427.9962","0.2420087505"
"3884 Magnolia Drive","Palo Alto","  8100"," 2385000"," 2743.400","422.9253","0.1544859852"
"1360 Elder Avenue","Menlo Park","  9975"," 3495000"," 4487.600","420.2439","0.1654760317"
"216 Victoria Road","Burlingame","  6250"," 1250000"," 2472.000","419.3450","0.2241010339"
"260 Franklin Street","Mountain View","  7500"," 1498000"," 2371.500","414.5404","0.1866240535"
"880 San Mateo Court","Sunnyvale","  5880","  849000"," 2014.787","414.2769","0.2446837688"
"193 Westhill Drive","Los Gatos"," 15750"," 1695000"," 4257.500","403.3824","0.2366571243"
"2361 Fruitdale Avenue","San Jose","  8100","  685000"," 2496.500","384.9809","0.2574085138"
"137 Sylvian Way","Los Altos"," 12000"," 2995000"," 3704.015","384.6528","0.1272010710"
"1065 Deanna Drive","Menlo Park"," 10050"," 2498000"," 3852.735","374.3718","0.1384415029"
"364 Alicia Way","Los Altos"," 10224"," 2600000"," 3155.821","369.3604","0.1111493030"
"887 Linda Vista Way","Los Altos"," 12360"," 2495000"," 3484.600","356.8807","0.1106416305"
"20375 Clifden Way","Cupertino","  7700"," 1628000"," 2923.453","356.6153","0.1321334899"
"1124 Pecos Way","Sunnyvale","  5775","  949000"," 1978.809","356.0799","0.1453982834"
"1785 Croner Avenue","Menlo Park","  8778"," 2500000"," 3324.400","345.4262","0.0952343007"
"509 Poinsettia Avenue","San Mateo","  5500","  888000"," 1807.500","340.8760","0.1225922551"
"85 Mccormick Lane","Atherton"," 40946"," 3995000"," 5720.400","328.6787","0.0829613505"
"848 S Springer Road","Los Altos"," 10206"," 2199000"," 2952.703","328.1468","0.0785599299"
"2613 Monserat Avenue","Belmont","  5350"," 1050000"," 2325.533","327.2256","0.1100849447"
"219 Carmelita Drive","Mountain View"," 10799"," 1999000"," 3162.000","326.3485","0.0865437820"
"534 Hemlock Avenue","Millbrae","  5400","  958888"," 1968.000","309.5955","0.0808359465"
"113 Oakview Drive","San Carlos","  7500"," 1550000"," 2418.400","301.3718","0.0576615723"
"105 Fox Avenue","San Jose","  5310","  449000"," 2075.304","300.7262","0.1087718085"
"1020 Rio Vista Drive","Pacifica","  5460","  625000"," 1706.990","299.5896","0.0804841503"
"1484 Walbrook Drive","San Jose"," 13534"," 1898000"," 3089.400","299.1323","0.0568425410"
"2908 E 16th Street","Oakland","  5616","  449000"," 2303.007","298.8939","0.1098831163"
"12742 Leander Drive","Los Altos Hills"," 43560"," 3600000"," 4970.955","297.8441","0.0491107833"
"133 Madera Avenue","San Carlos","  7095"," 1550000"," 3079.988","296.5907","0.0618529913"
"31 Maddux Avenue","San Francisco","  2596","  700000"," 2284.480","296.0998","0.0828513629"
"24655 Dale Street","Hayward","  6765","  535000"," 2675.200","293.8713","0.0974950953"
"227 Plaza La Posada","Los Gatos"," 10070"," 1778000"," 3443.583","285.1807","0.0459084597"
"171 Bland Avenue","Campbell","  8250","  938000"," 2496.500","283.6391","0.0537600516"
"3775 Nathan Way","Palo Alto","  7530"," 2390000"," 2391.500","282.8444","0.0262887442"
"13855 Saratoga Avenue","Saratoga"," 13600"," 1999000"," 3589.453","280.0906","0.0372911646"
"906 Curtner Avenue","San Jose","  8475","  998000"," 2986.200","280.0328","0.0514080445"
"2220 Booksin Avenue","San Jose","  9150","  999990"," 2986.200","279.3664","0.0502100748"
"22600 Prospect Road","Saratoga","138085"," 2698000"," 4800.000","274.9167","0.0306824012"
"146 E Portola Avenue","Los Altos"," 11640"," 3300000"," 3592.895","274.7553","0.0211859145"
"4679 deep creek Road","Fremont","  5637","  800000"," 2440.000","274.6464","0.0426504930"
"27596 La Porte Avenue","Hayward","  5800","  525000"," 2378.461","273.1255","0.0491266981"
"1673 McGregor Way","San Jose","  6540"," 1598800"," 2483.036","269.6020","0.0219289320"
"4153 Barrymore Drive","San Jose"," 10212","  978000"," 2496.500","267.6166","0.0274509920"
"14020 Arcadia Palms Drive","Saratoga"," 43560"," 2750000"," 4800.000","264.0833","0.0171139241"
"15911 Camino Del Cerro","Los Gatos","  9750"," 1799000"," 3334.154","261.9363","0.0151174860"
"3480 Olsen Drive","San Jose","  8034","  995000"," 2496.500","260.8071","0.0166632722"
"145 Henrik Ibsen Park Road","Woodside","200376"," 1598000"," 3953.200","260.3264","0.0157841361"
"89 Muirwood Drive","Daly City","  3145","  699000"," 2280.000","254.6279","0.0083149914"
"132 Abelia Way","East Palo Alto","  5000","  599999"," 1661.131","251.5974","0.0026134812"
"2177 Sunny Vista Drive","San Jose","  6000","  850000"," 1902.768","250.4613","0.0006620338"
