"profitPercentOfInvestment","MLS.Number","houseRatioNewBuild","houseSizeSqFt","list.Price.Num","houseDollarPerSFNewBuild","totalCostToBuild","predictedSalePrice","potentialProfit","lotSqFt","Age","DOM","Street.Address","Area..","Zip.Code","Postal.City","County"
"1.3371728","ML81631441","0.2639303"," 4800.000","  519000"," 900.0000"," 1719000"," 4017600","2298600.0"," 88426"," 76","128","17320 Stevens Canyon Road","17","95014","Cupertino","Santa Clara"
"0.9396179","ML81642591","0.1110160"," 6189.917"," 2399000","1329.7139"," 3946479"," 7654662","3708182.5"," 55757"," 56","2","485 Summit Springs Road","274","94062","Woodside","San Mateo"
"0.3624638","ML81642944","0.3796692"," 3089.400"," 1299000"," 982.2485"," 2071350"," 2822139"," 750789.5","  9000"," 60","0","1162 Cordelia Avenue","18","95129","San Jose","Santa Clara"
"0.3577512","ML81642348","0.4413731"," 2450.800","  949000"," 991.1034"," 1561700"," 2120400"," 558700.0","  6250"," 97","3","511 Corbitt Drive","464","94010","Burlingame","San Mateo"
"0.3563607","ML81642051","0.4498847"," 4723.789"," 2995000","1289.3082"," 4175947"," 5664091","1488143.5"," 10500"," 62","6","1350 Elder Avenue","303","94025","Menlo Park","San Mateo"
"0.3419315","ML81642496","0.1110160"," 8562.500"," 5750000","1329.7139"," 7890625","10588678","2698052.9","136778"," 30","3","340 Jane Drive","274","94062","Woodside","San Mateo"
"0.3196498","ML81642215","0.1141174"," 5697.000"," 2988000","1098.9796"," 4412250"," 5822625","1410374.7"," 55321"," 45","4","27022 Dezahara Way","221","94022","Los Altos Hills","Santa Clara"
"0.2868203","ML81638114","0.3796692"," 2391.916"," 1100000"," 982.2485"," 1697979"," 2184994"," 487014.9","  6300"," 58","14","1017 Miller Avenue","18","95129","San Jose","Santa Clara"
"0.2574085","ML81641444","0.3364471"," 2496.500","  685000"," 708.9947"," 1309125"," 1646105"," 336979.9","  8100"," 76","10","2361 Fruitdale Avenue","15","95128","San Jose","Santa Clara"
"0.2446838","ML81642354","0.3426509"," 2014.787","  849000"," 898.5606"," 1352697"," 1683680"," 330982.9","  5880"," 63","3","880 San Mateo Court","19","94085","Sunnyvale","Santa Clara"
"0.2420088","ML81642364","0.3796692"," 3089.400"," 1499888"," 982.2485"," 2272238"," 2822139"," 549901.5","  9200"," 56","3","1258 S Stelling Road","18","95014","Cupertino","Santa Clara"
"0.2366571","ML81642077","0.3419645"," 4257.500"," 1695000"," 861.8316"," 2759375"," 3412401"," 653025.8"," 15750"," 41","5","193 Westhill Drive","16","95032","Los Gatos","Santa Clara"
"0.2241010","ML81641654","0.4449712"," 2472.000"," 1250000"," 994.6327"," 1868000"," 2286621"," 418620.7","  6250"," 85","9","216 Victoria Road","462","94010","Burlingame","San Mateo"
"0.2056227","ML81641521","0.4513428"," 3324.400"," 2195000","1180.0448"," 3026100"," 3648335"," 622235.0","  8208"," 65","10","1266 Altschul Avenue","302","94025","Menlo Park","San Mateo"
"0.2033783","ML81642676","0.5632187"," 4403.700"," 4000000","1498.8233"," 5100925"," 6138342","1037417.3","  8000"," 93","2","1127 High Street","241","94301","Palo Alto","Santa Clara"
"0.1866241","ML81642468","0.3762650"," 2371.500"," 1498000","1124.9550"," 2090875"," 2481083"," 390207.6","  7500"," 83","3","260 Franklin Street","207","94041","Mountain View","Santa Clara"
"0.1812674","ML81642577","0.3273816"," 2391.500"," 1998000","1378.7282"," 2595875"," 3066422"," 470547.5","  9000"," 68","2","156 Monroe Drive","233","94306","Palo Alto","Santa Clara"
"0.1661526","ML81642848","0.2659230","12024.000","11900000","1554.4780","14906000","17382671","2476670.8"," 49658"," 65","1","222 Camino Al Lago","291","94027","Atherton","San Mateo"
"0.1654760","ML81642079","0.4498847"," 4487.600"," 3495000","1289.3082"," 4616900"," 5380886"," 763986.3","  9975"," 64","5","1360 Elder Avenue","303","94025","Menlo Park","San Mateo"
"0.1544860","ML81642609","0.4019678"," 2743.400"," 2385000","1389.5532"," 3070850"," 3545253"," 474403.3","  8100"," 70","2","3884 Magnolia Drive","232","94306","Palo Alto","Santa Clara"
"0.1453983","ML81642151","0.3426509"," 1978.809","  949000"," 898.5606"," 1443702"," 1653614"," 209911.8","  5775"," 59","5","1124 Pecos Way","19","94089","Sunnyvale","Santa Clara"
"0.1384415","ML81642074","0.3833567"," 3852.735"," 2498000","1099.7229"," 3461184"," 3940355"," 479171.5"," 10050"," 43","5","1065 Deanna Drive","301","94025","Menlo Park","San Mateo"
"0.1321335","ML81641489","0.3796692"," 2923.453"," 1628000"," 982.2485"," 2358863"," 2670548"," 311684.8","  7700"," 57","10","20375 Clifden Way","18","95014","Cupertino","Santa Clara"
"0.1272011","ML81642480","0.3086679"," 3704.015"," 2995000","1283.0481"," 3921004"," 4419760"," 498755.9"," 12000"," 77","3","137 Sylvian Way","211","94022","Los Altos","Santa Clara"
"0.1225923","ML81642612","0.3354587"," 1807.500","  888000"," 894.7981"," 1339875"," 1504133"," 164258.3","  5500"," 69","2","509 Poinsettia Avenue","423","94403","San Mateo","San Mateo"
"0.1111493","ML81642530","0.3086679"," 3155.821"," 2600000","1283.0481"," 3388955"," 3765635"," 376680.0"," 10224"," 64","3","364 Alicia Way","211","94022","Los Altos","Santa Clara"
"0.1106416","ML81642299","0.2893105"," 3484.600"," 2495000","1153.6433"," 3366150"," 3738586"," 372436.3"," 12360"," 66","4","887 Linda Vista Way","214","94024","Los Altos","Santa Clara"
"0.1100849","ML81641828","0.4346791"," 2325.533"," 1050000"," 837.3494"," 1631383"," 1810974"," 179590.7","  5350"," 59","8","2613 Monserat Avenue","361","94002","Belmont","San Mateo"
"0.1098831","ML81641710","0.4100796"," 2303.007","  449000"," 531.0284"," 1024752"," 1137355"," 112602.9","  5616","112","9","2908 E 16th Street","27","94601","Oakland","Alameda"
"0.1087718","ML81642242","0.3908294"," 2075.304","  449000"," 556.0000","  967826"," 1073098"," 105272.2","  5310","114","4","105 Fox Avenue","9","95110","San Jose","Santa Clara"
